Created Date,Closed Date,Location Type,Incident Zip,City,Borough,Latitude,Longitude
12/31/15 0:01,12/31/15 3:48,Store/Commercial,10034,NEW YORK,MANHATTAN,40.86618344,-73.91893043
12/31/15 0:02,12/31/15 4:36,Store/Commercial,10040,NEW YORK,MANHATTAN,40.85932419,-73.93123734
12/31/15 0:03,12/31/15 0:40,Residential Building/House,10026,NEW YORK,MANHATTAN,40.79941541,-73.95337117
12/31/15 0:03,12/31/15 1:53,Residential Building/House,11231,BROOKLYN,BROOKLYN,40.67828511,-73.99466779
12/31/15 0:05,12/31/15 3:49,Residential Building/House,10033,NEW YORK,MANHATTAN,40.85030372,-73.93851563
12/31/15 0:08,12/31/15 1:59,Residential Building/House,10467,BRONX,BRONX,40.85874768,-73.86562454
12/31/15 0:11,12/31/15 6:24,Residential Building/House,11230,BROOKLYN,BROOKLYN,40.61700536,-73.95692046
12/31/15 0:12,12/31/15 0:38,Residential Building/House,11215,BROOKLYN,BROOKLYN,40.66505114,-73.9812779
12/31/15 0:12,12/31/15 5:03,Residential Building/House,10463,BRONX,BRONX,40.87589494,-73.91247127
12/31/15 0:14,12/31/15 6:25,Store/Commercial,11372,JACKSON HEIGHTS,QUEENS,40.7555836,-73.88520105
12/31/15 0:15,12/31/15 2:58,Residential Building/House,11213,BROOKLYN,BROOKLYN,40.66785694,-73.93199346
12/31/15 0:16,12/31/15 0:59,Store/Commercial,10033,NEW YORK,MANHATTAN,40.84700716,-73.93819338
12/31/15 0:18,12/31/15 3:49,Store/Commercial,10034,NEW YORK,MANHATTAN,40.86597801,-73.91953085
12/31/15 0:19,12/31/15 2:18,Club/Bar/Restaurant,11375,FOREST HILLS,QUEENS,40.71924727,-73.84237049
12/31/15 0:19,12/31/15 0:29,Club/Bar/Restaurant,10027,NEW YORK,MANHATTAN,40.81453554,-73.95914444
12/31/15 0:19,12/31/15 5:04,Residential Building/House,10468,BRONX,BRONX,40.87303475,-73.90195294
12/31/15 0:20,12/31/15 1:40,Residential Building/House,11417,OZONE PARK,QUEENS,40.67771292,-73.83232708
12/31/15 0:20,12/31/15 4:51,Residential Building/House,11233,BROOKLYN,BROOKLYN,40.68532364,-73.92583881
12/31/15 0:22,12/31/15 16:24,Residential Building/House,11217,BROOKLYN,BROOKLYN,40.68423815,-73.98935266
12/31/15 0:22,12/31/15 6:06,Residential Building/House,11355,FLUSHING,QUEENS,40.75812391,-73.82884714
12/31/15 0:23,12/31/15 16:28,Residential Building/House,11234,BROOKLYN,BROOKLYN,40.63333681,-73.92071208
12/31/15 0:25,12/31/15 8:42,Residential Building/House,10452,BRONX,BRONX,40.8311959,-73.93034856
12/31/15 0:26,12/31/15 6:53,Residential Building/House,10468,BRONX,BRONX,40.86950167,-73.90443849
12/31/15 0:28,12/31/15 5:19,Club/Bar/Restaurant,10025,NEW YORK,MANHATTAN,40.80234631,-73.96810968
12/31/15 0:31,12/31/15 1:44,Club/Bar/Restaurant,11103,ASTORIA,QUEENS,40.76577062,-73.91898768
12/31/15 0:31,12/31/15 6:34,Residential Building/House,10458,BRONX,BRONX,40.86905269,-73.89030928
12/31/15 0:31,12/31/15 2:34,Residential Building/House,10021,NEW YORK,MANHATTAN,40.76872682,-73.95408581
12/31/15 0:33,12/31/15 1:13,Residential Building/House,11238,BROOKLYN,BROOKLYN,40.67900615,-73.97080414
12/31/15 0:33,12/31/15 1:13,Residential Building/House,11238,BROOKLYN,BROOKLYN,40.67900615,-73.97080414
12/31/15 0:34,12/31/15 1:43,Residential Building/House,11417,OZONE PARK,QUEENS,40.67779522,-73.83230164
12/31/15 0:34,12/31/15 2:58,Residential Building/House,11213,BROOKLYN,BROOKLYN,40.66785694,-73.93199346
12/31/15 0:35,12/31/15 4:42,Residential Building/House,10468,BRONX,BRONX,40.85828087,-73.90064075
12/31/15 0:35,12/31/15 5:36,Residential Building/House,10065,NEW YORK,MANHATTAN,40.76518241,-73.96740909
12/31/15 0:35,12/31/15 6:35,Street/Sidewalk,10468,BRONX,BRONX,40.86368678,-73.89621112
12/31/15 0:36,12/31/15 6:22,Residential Building/House,10019,NEW YORK,MANHATTAN,40.76415371,-73.98278426
12/31/15 0:36,12/31/15 5:21,Store/Commercial,10036,NEW YORK,MANHATTAN,40.76011418,-73.98866913
12/31/15 0:38,12/31/15 5:37,Club/Bar/Restaurant,10028,NEW YORK,MANHATTAN,40.77603408,-73.95603048
12/31/15 0:38,12/31/15 2:42,Residential Building/House,10463,BRONX,BRONX,40.88202567,-73.90440602
12/31/15 0:38,,Residential Building/House,,,Unspecified,,
12/31/15 0:41,12/31/15 2:58,Residential Building/House,11213,BROOKLYN,BROOKLYN,40.66785694,-73.93199346
12/31/15 0:42,12/31/15 4:18,Store/Commercial,10463,BRONX,BRONX,40.8872657,-73.90491204
12/31/15 0:42,12/31/15 5:08,Residential Building/House,10460,BRONX,BRONX,40.84110525,-73.88112132
12/31/15 0:42,12/31/15 5:21,Store/Commercial,10036,NEW YORK,MANHATTAN,40.76009771,-73.98862943
12/31/15 0:43,12/31/15 3:50,Residential Building/House,10473,BRONX,BRONX,40.82321798,-73.86612626
12/31/15 0:43,12/31/15 8:43,Residential Building/House,10452,BRONX,BRONX,40.84281274,-73.91956971
12/31/15 0:44,12/31/15 2:04,Residential Building/House,11102,ASTORIA,QUEENS,40.77389508,-73.93653905
12/31/15 0:45,12/31/15 1:16,Street/Sidewalk,11368,CORONA,QUEENS,40.74218007,-73.85086894
12/31/15 0:48,12/31/15 5:15,Residential Building/House,10472,BRONX,BRONX,40.82946896,-73.85360744
12/31/15 0:49,12/31/15 5:30,Residential Building/House,11417,OZONE PARK,QUEENS,40.67779522,-73.83230164
12/31/15 0:49,12/31/15 6:23,Residential Building/House,11209,BROOKLYN,BROOKLYN,40.61752285,-74.03896639
12/31/15 0:50,12/31/15 8:55,Residential Building/House,10456,BRONX,BRONX,40.82924468,-73.91443332
12/31/15 0:50,12/31/15 7:33,Residential Building/House,11435,JAMAICA,QUEENS,40.70569681,-73.80830054
12/31/15 0:50,12/31/15 6:39,Residential Building/House,10025,NEW YORK,MANHATTAN,40.80139753,-73.96200956
12/31/15 0:52,12/31/15 4:18,Residential Building/House,10463,BRONX,BRONX,40.8872657,-73.90491204
12/31/15 0:54,12/31/15 4:18,Store/Commercial,10463,BRONX,BRONX,40.8872657,-73.90491204
12/31/15 0:55,12/31/15 1:54,Residential Building/House,11691,FAR ROCKAWAY,QUEENS,40.59425326,-73.75121009
12/31/15 0:56,12/31/15 5:21,Store/Commercial,10036,NEW YORK,MANHATTAN,40.76058323,-73.98592204
12/31/15 0:56,12/31/15 5:41,Residential Building/House,10455,BRONX,BRONX,40.81927919,-73.91522291
12/31/15 0:58,12/31/15 2:45,Residential Building/House,10033,NEW YORK,MANHATTAN,40.84582817,-73.93544033
12/31/15 0:58,12/31/15 8:32,Residential Building/House,10453,BRONX,BRONX,40.85051999,-73.91973389
12/31/15 0:58,12/31/15 2:58,Residential Building/House,11213,BROOKLYN,BROOKLYN,40.66785694,-73.93199346
12/31/15 1:00,12/31/15 1:07,Store/Commercial,10024,NEW YORK,MANHATTAN,40.78536042,-73.97298193
12/31/15 1:00,12/31/15 2:58,Residential Building/House,11213,BROOKLYN,BROOKLYN,40.66785694,-73.93199346
12/31/15 1:00,12/31/15 3:49,Store/Commercial,10034,NEW YORK,MANHATTAN,40.86589301,-73.92796579
12/31/15 1:02,12/31/15 1:34,Residential Building/House,10009,NEW YORK,MANHATTAN,40.7324096,-73.97657192
12/31/15 1:03,12/31/15 2:18,Club/Bar/Restaurant,11375,FOREST HILLS,QUEENS,40.7195082,-73.84250335
12/31/15 1:04,12/31/15 2:05,Residential Building/House,10011,NEW YORK,MANHATTAN,40.7442226,-74.00358719
12/31/15 1:04,12/31/15 6:25,Store/Commercial,11372,JACKSON HEIGHTS,QUEENS,40.7555836,-73.88520105
12/31/15 1:04,12/31/15 3:49,Store/Commercial,10040,NEW YORK,MANHATTAN,40.85932419,-73.93123734
12/31/15 1:07,12/31/15 10:23,Residential Building/House,11213,BROOKLYN,BROOKLYN,40.66358162,-73.93378564
12/31/15 1:09,12/31/15 2:59,Residential Building/House,11213,BROOKLYN,BROOKLYN,40.66785694,-73.93199346
12/31/15 1:11,12/31/15 4:13,Store/Commercial,11238,BROOKLYN,BROOKLYN,40.67218121,-73.95743278
12/31/15 1:12,12/31/15 1:32,Residential Building/House,10032,NEW YORK,MANHATTAN,40.83004667,-73.94169977
12/31/15 1:13,12/31/15 17:59,Store/Commercial,10016,NEW YORK,MANHATTAN,40.74729659,-73.97404398
12/31/15 1:15,12/31/15 1:40,Residential Building/House,10026,NEW YORK,MANHATTAN,40.79931101,-73.95311841
12/31/15 1:16,12/31/15 3:27,Residential Building/House,10033,NEW YORK,MANHATTAN,40.84689342,-73.9359923
12/31/15 1:16,12/31/15 2:19,Residential Building/House,10459,BRONX,BRONX,40.83087204,-73.8884462
12/31/15 1:17,12/31/15 3:41,Residential Building/House,11237,BROOKLYN,BROOKLYN,40.70129774,-73.92103158
12/31/15 1:18,12/31/15 2:59,Residential Building/House,11213,BROOKLYN,BROOKLYN,40.66785694,-73.93199346
12/31/15 1:19,12/31/15 4:51,Residential Building/House,11221,BROOKLYN,BROOKLYN,40.69057735,-73.93059281
12/31/15 1:19,12/31/15 5:26,Residential Building/House,11385,RIDGEWOOD,QUEENS,40.69961626,-73.90109
12/31/15 1:19,12/31/15 3:49,Street/Sidewalk,10034,NEW YORK,MANHATTAN,40.86688219,-73.92536517
12/31/15 1:20,12/31/15 1:39,Residential Building/House,10009,NEW YORK,MANHATTAN,40.7324096,-73.97657192
12/31/15 1:22,12/31/15 6:32,Residential Building/House,11213,BROOKLYN,BROOKLYN,40.66785694,-73.93199346
12/31/15 1:22,12/31/15 1:39,Club/Bar/Restaurant,10001,NEW YORK,MANHATTAN,40.7498823,-74.00258415
12/31/15 1:23,12/31/15 7:04,Residential Building/House,10472,BRONX,BRONX,40.83410524,-73.87499411
12/31/15 1:25,12/31/15 5:01,Residential Building/House,10469,BRONX,BRONX,40.86992445,-73.85459224
12/31/15 1:25,12/31/15 2:03,Residential Building/House,11233,BROOKLYN,BROOKLYN,40.68013115,-73.91121396
12/31/15 1:25,12/31/15 2:58,Residential Building/House,11213,BROOKLYN,BROOKLYN,40.66785694,-73.93199346
12/31/15 1:27,12/31/15 3:50,Street/Sidewalk,10034,NEW YORK,MANHATTAN,40.86688219,-73.92536517
12/31/15 1:27,12/31/15 2:58,Residential Building/House,11213,BROOKLYN,BROOKLYN,40.66785694,-73.93199346
12/31/15 1:28,12/31/15 3:38,Street/Sidewalk,10032,NEW YORK,MANHATTAN,40.83805814,-73.94664023
12/31/15 1:30,12/31/15 2:52,Club/Bar/Restaurant,11221,BROOKLYN,BROOKLYN,40.68970483,-73.91852118
12/31/15 1:33,12/31/15 10:07,Residential Building/House,10451,BRONX,BRONX,40.82673983,-73.91589271
12/31/15 1:34,12/31/15 2:59,Residential Building/House,11213,BROOKLYN,BROOKLYN,40.66785694,-73.93199346
12/31/15 1:37,12/31/15 2:59,Residential Building/House,11213,BROOKLYN,BROOKLYN,40.66785694,-73.93199346
12/31/15 1:38,12/31/15 2:53,Residential Building/House,11433,JAMAICA,QUEENS,40.70371428,-73.78751744
12/31/15 1:38,12/31/15 3:50,Store/Commercial,10040,NEW YORK,MANHATTAN,40.85932419,-73.93123734
12/31/15 1:40,12/31/15 4:14,Residential Building/House,10461,BRONX,BRONX,40.84657157,-73.82982678
12/31/15 1:41,12/31/15 2:52,Residential Building/House,11207,BROOKLYN,BROOKLYN,40.68584422,-73.90923404
12/31/15 1:43,12/31/15 2:24,Residential Building/House,10456,BRONX,BRONX,40.82983679,-73.90640699
12/31/15 1:43,12/31/15 2:25,Residential Building/House,10031,NEW YORK,MANHATTAN,40.82300792,-73.95067009
12/31/15 1:44,12/31/15 6:22,Store/Commercial,10036,NEW YORK,MANHATTAN,40.76253541,-73.99336512
12/31/15 1:46,12/31/15 2:59,Residential Building/House,11213,BROOKLYN,BROOKLYN,40.66785694,-73.93199346
12/31/15 1:47,12/31/15 3:23,Residential Building/House,10467,BRONX,BRONX,40.85874768,-73.86562454
12/31/15 1:48,12/31/15 15:26,Residential Building/House,11208,BROOKLYN,BROOKLYN,40.66640231,-73.86872994
12/31/15 1:50,12/31/15 6:07,Residential Building/House,10314,STATEN ISLAND,STATEN ISLAND,40.61699491,-74.15637229
12/31/15 1:50,12/31/15 2:52,Residential Building/House,11433,JAMAICA,QUEENS,40.70371428,-73.78751744
12/31/15 1:55,12/31/15 3:50,Club/Bar/Restaurant,10040,NEW YORK,MANHATTAN,40.85932419,-73.93123734
12/31/15 1:56,12/31/15 2:39,Residential Building/House,10002,NEW YORK,MANHATTAN,40.71046387,-73.98465574
12/31/15 1:59,12/31/15 5:34,Store/Commercial,10002,NEW YORK,MANHATTAN,40.71047784,-73.98657107
12/31/15 2:01,12/31/15 3:27,Residential Building/House,10033,NEW YORK,MANHATTAN,40.84689342,-73.9359923
12/31/15 2:02,12/31/15 4:51,Residential Building/House,11221,BROOKLYN,BROOKLYN,40.6892663,-73.93701984
12/31/15 2:03,12/31/15 4:25,Residential Building/House,10039,NEW YORK,MANHATTAN,40.82376379,-73.94125363
12/31/15 2:06,12/31/15 2:17,Residential Building/House,10025,NEW YORK,MANHATTAN,40.79694199,-73.96827479
12/31/15 2:08,12/31/15 6:22,Residential Building/House,10036,NEW YORK,MANHATTAN,40.76226084,-73.99188151
12/31/15 2:10,12/31/15 2:42,Street/Sidewalk,10463,BRONX,BRONX,40.87984433,-73.90523365
12/31/15 2:15,12/31/15 5:55,Residential Building/House,10460,BRONX,BRONX,40.84110525,-73.88112132
12/31/15 2:17,12/31/15 3:58,Store/Commercial,10009,NEW YORK,MANHATTAN,40.72553423,-73.97780461
12/31/15 2:24,12/31/15 3:40,Residential Building/House,11221,BROOKLYN,BROOKLYN,40.69190889,-73.91853652
12/31/15 2:27,12/31/15 15:20,Residential Building/House,10025,NEW YORK,MANHATTAN,40.79694199,-73.96827479
12/31/15 2:27,12/31/15 5:22,Store/Commercial,11385,RIDGEWOOD,QUEENS,40.70405345,-73.90977549
12/31/15 2:27,12/31/15 6:38,Residential Building/House,10457,BRONX,BRONX,40.84275461,-73.89505109
12/31/15 2:28,12/31/15 4:11,Residential Building/House,11417,OZONE PARK,QUEENS,40.67779522,-73.83230164
12/31/15 2:29,12/31/15 4:09,Residential Building/House,11226,BROOKLYN,BROOKLYN,40.65535593,-73.95106436
12/31/15 2:30,12/31/15 4:34,Residential Building/House,11210,BROOKLYN,BROOKLYN,40.63355435,-73.93999795
12/31/15 2:31,12/31/15 12:22,Residential Building/House,10471,BRONX,BRONX,40.89639579,-73.89680027
12/31/15 2:34,12/31/15 4:13,Residential Building/House,10016,NEW YORK,MANHATTAN,40.74429047,-73.98638742
12/31/15 2:39,12/31/15 4:14,Residential Building/House,10461,BRONX,BRONX,40.84657157,-73.82982678
12/31/15 2:46,12/31/15 6:07,Residential Building/House,10314,STATEN ISLAND,STATEN ISLAND,40.61699491,-74.15637229
12/31/15 2:47,12/31/15 3:23,Residential Building/House,11232,BROOKLYN,BROOKLYN,40.64414291,-73.99813342
12/31/15 2:49,12/31/15 4:00,Club/Bar/Restaurant,11249,BROOKLYN,BROOKLYN,40.71357512,-73.96580748
12/31/15 2:54,12/31/15 15:04,Residential Building/House,10465,BRONX,BRONX,40.83258882,-73.82718845
12/31/15 2:54,12/31/15 4:25,Residential Building/House,10030,NEW YORK,MANHATTAN,40.81937471,-73.94071557
12/31/15 2:58,12/31/15 6:27,Store/Commercial,10028,NEW YORK,MANHATTAN,40.77718339,-73.9541558
12/31/15 2:59,12/31/15 4:59,Residential Building/House,10301,STATEN ISLAND,STATEN ISLAND,40.63772503,-74.08780723
12/31/15 3:00,12/31/15 6:34,Residential Building/House,10458,BRONX,BRONX,40.86332962,-73.8899138
12/31/15 3:02,12/31/15 4:14,Residential Building/House,10461,BRONX,BRONX,40.84657157,-73.82982678
12/31/15 3:04,12/31/15 6:34,Residential Building/House,10467,BRONX,BRONX,40.87711663,-73.87419003
12/31/15 3:10,12/31/15 3:42,Street/Sidewalk,10033,NEW YORK,MANHATTAN,40.8468522,-73.93589475
12/31/15 3:11,12/31/15 4:36,Residential Building/House,10040,NEW YORK,MANHATTAN,40.86221618,-73.92969425
12/31/15 3:16,12/31/15 3:58,Store/Commercial,10009,NEW YORK,MANHATTAN,40.72553423,-73.97780461
12/31/15 3:18,12/31/15 4:35,Residential Building/House,10033,NEW YORK,MANHATTAN,40.85023581,-73.93986032
12/31/15 3:19,12/31/15 16:27,Residential Building/House,11218,BROOKLYN,BROOKLYN,40.63443053,-73.96935006
12/31/15 3:23,12/31/15 5:31,Residential Building/House,10029,NEW YORK,MANHATTAN,40.79078867,-73.94689841
12/31/15 3:26,12/31/15 4:35,Store/Commercial,10034,NEW YORK,MANHATTAN,40.86919848,-73.91698878
12/31/15 3:26,12/31/15 6:25,Residential Building/House,11372,JACKSON HEIGHTS,QUEENS,40.74909956,-73.887024
12/31/15 3:40,12/31/15 10:52,Club/Bar/Restaurant,10459,BRONX,BRONX,40.82210831,-73.90061166
12/31/15 3:47,12/31/15 4:51,Residential Building/House,10040,NEW YORK,MANHATTAN,40.8554683,-73.93674679
12/31/15 3:47,12/31/15 5:56,Residential Building/House,11238,BROOKLYN,BROOKLYN,40.68900997,-73.95895452
12/31/15 3:59,12/31/15 8:12,Residential Building/House,10012,NEW YORK,MANHATTAN,40.7290277,-73.99915211
12/31/15 4:09,12/31/15 9:15,Residential Building/House,10451,BRONX,BRONX,40.82160438,-73.91210189
12/31/15 4:45,12/31/15 9:39,Residential Building/House,10459,BRONX,BRONX,40.82235757,-73.89387649
12/31/15 4:45,12/31/15 6:07,Residential Building/House,10314,STATEN ISLAND,STATEN ISLAND,40.61699491,-74.15637229
12/31/15 5:17,12/31/15 5:33,Residential Building/House,11435,JAMAICA,QUEENS,40.70823262,-73.81478929
12/31/15 5:38,12/31/15 6:36,Street/Sidewalk,11249,BROOKLYN,BROOKLYN,40.71775824,-73.95782213
12/31/15 5:43,12/31/15 12:27,Residential Building/House,10452,BRONX,BRONX,40.83032341,-73.92226604
12/31/15 5:56,12/31/15 6:36,Residential Building/House,10467,BRONX,BRONX,40.87492106,-73.87690615
12/31/15 6:12,12/31/15 16:26,Residential Building/House,11226,BROOKLYN,BROOKLYN,40.65221852,-73.95765454
12/31/15 6:13,12/31/15 12:26,Residential Building/House,11415,KEW GARDENS,QUEENS,40.70874046,-73.82902083
12/31/15 8:40,12/31/15 13:28,Residential Building/House,11360,BAYSIDE,QUEENS,40.77845124,-73.78305442
12/31/15 8:52,12/31/15 11:26,Residential Building/House,10025,NEW YORK,MANHATTAN,40.79197655,-73.9675007
12/31/15 9:14,12/31/15 9:39,Street/Sidewalk,11237,BROOKLYN,BROOKLYN,40.70266565,-73.92671396
12/31/15 9:25,12/31/15 10:28,Residential Building/House,11238,BROOKLYN,BROOKLYN,40.68471098,-73.95708224
12/31/15 9:58,,Street/Sidewalk,,,Unspecified,,
12/31/15 10:17,12/31/15 15:22,Residential Building/House,11207,BROOKLYN,BROOKLYN,40.6821633,-73.89305401
12/31/15 10:18,12/31/15 10:55,Park/Playground,11214,BROOKLYN,BROOKLYN,40.60966562,-73.99974069
12/31/15 10:21,12/31/15 16:24,Residential Building/House,11226,BROOKLYN,BROOKLYN,40.6465213,-73.96032118
12/31/15 10:36,12/31/15 15:49,Residential Building/House,10451,BRONX,BRONX,40.81828913,-73.92016296
12/31/15 10:37,12/31/15 15:10,Residential Building/House,11213,BROOKLYN,BROOKLYN,40.668209,-73.93813557
12/31/15 10:56,12/31/15 15:37,Residential Building/House,11365,FRESH MEADOWS,QUEENS,40.73491319,-73.81062326
12/31/15 10:57,12/31/15 11:30,Residential Building/House,11209,BROOKLYN,BROOKLYN,40.62515765,-74.02310945
12/31/15 11:02,12/31/15 15:36,Residential Building/House,11365,FRESH MEADOWS,QUEENS,40.73491319,-73.81062326
12/31/15 11:05,12/31/15 14:19,Residential Building/House,10030,NEW YORK,MANHATTAN,40.81578666,-73.94482282
12/31/15 11:13,12/31/15 17:07,Residential Building/House,10040,NEW YORK,MANHATTAN,40.85844745,-73.92927889
12/31/15 11:16,12/31/15 14:51,Store/Commercial,10026,NEW YORK,MANHATTAN,40.80592625,-73.95425521
12/31/15 11:44,12/31/15 15:42,Residential Building/House,10453,BRONX,BRONX,40.85633849,-73.9016486
12/31/15 11:46,12/31/15 15:29,Residential Building/House,10461,BRONX,BRONX,40.85084522,-73.85180368
12/31/15 11:51,12/31/15 18:59,Residential Building/House,10024,NEW YORK,MANHATTAN,40.7893805,-73.96917761
12/31/15 11:58,12/31/15 15:35,Residential Building/House,10456,BRONX,BRONX,40.8196324,-73.91045338
12/31/15 12:01,12/31/15 15:21,Residential Building/House,11207,BROOKLYN,BROOKLYN,40.66644495,-73.90025605
12/31/15 12:41,12/31/15 14:57,Residential Building/House,11218,BROOKLYN,BROOKLYN,40.63892746,-73.9732502
12/31/15 12:46,12/31/15 15:13,Residential Building/House,10031,NEW YORK,MANHATTAN,40.82416166,-73.95297806
12/31/15 12:51,12/31/15 16:03,Residential Building/House,10029,NEW YORK,MANHATTAN,40.79878003,-73.9441579
12/31/15 12:52,12/31/15 15:15,Residential Building/House,10451,BRONX,BRONX,40.8252058,-73.91626681
12/31/15 12:53,12/31/15 15:04,Club/Bar/Restaurant,10465,BRONX,BRONX,40.82837372,-73.8240774
12/31/15 12:57,1/1/16 1:09,Residential Building/House,10456,BRONX,BRONX,40.83484296,-73.91317937
12/31/15 12:58,12/31/15 15:09,Residential Building/House,10456,BRONX,BRONX,40.83484296,-73.91317937
12/31/15 13:00,12/31/15 15:09,Residential Building/House,10456,BRONX,BRONX,40.83484296,-73.91317937
12/31/15 13:04,12/31/15 15:20,Residential Building/House,10467,BRONX,BRONX,40.87148993,-73.86918924
12/31/15 13:10,12/31/15 16:17,Residential Building/House,11226,BROOKLYN,BROOKLYN,40.64956272,-73.9609212
12/31/15 13:11,12/31/15 17:08,Residential Building/House,10040,NEW YORK,MANHATTAN,40.85405749,-73.93186814
12/31/15 13:13,12/31/15 16:02,Residential Building/House,10029,NEW YORK,MANHATTAN,40.79589753,-73.94892047
12/31/15 13:19,12/31/15 15:43,Residential Building/House,10463,BRONX,BRONX,40.87698471,-73.89916999
12/31/15 13:35,12/31/15 14:12,Store/Commercial,11237,BROOKLYN,BROOKLYN,40.69883914,-73.91812413
12/31/15 13:37,12/31/15 17:08,Residential Building/House,10040,NEW YORK,MANHATTAN,40.85844745,-73.92927889
12/31/15 13:40,12/31/15 19:37,Store/Commercial,10029,NEW YORK,MANHATTAN,40.79901529,-73.94257212
12/31/15 13:43,12/31/15 17:08,Residential Building/House,10034,NEW YORK,MANHATTAN,40.86326314,-73.92302652
12/31/15 13:46,12/31/15 14:15,Store/Commercial,10028,NEW YORK,MANHATTAN,40.77543748,-73.95350711
12/31/15 13:46,12/31/15 14:15,Store/Commercial,10028,NEW YORK,MANHATTAN,40.77543748,-73.95350711
12/31/15 13:49,12/31/15 21:15,Residential Building/House,10461,BRONX,BRONX,40.84413376,-73.82948244
12/31/15 13:50,12/31/15 15:05,Residential Building/House,11225,BROOKLYN,BROOKLYN,40.66834786,-73.96052088
12/31/15 13:52,1/1/16 3:03,Residential Building/House,11224,BROOKLYN,BROOKLYN,40.57362629,-73.99503251
12/31/15 13:54,12/31/15 18:02,Residential Building/House,11236,BROOKLYN,BROOKLYN,40.63492074,-73.88794509
12/31/15 13:57,12/31/15 15:42,Residential Building/House,10463,BRONX,BRONX,40.88496119,-73.89963889
12/31/15 14:05,12/31/15 15:47,Street/Sidewalk,11206,BROOKLYN,BROOKLYN,40.70158704,-73.93130627
12/31/15 14:14,12/31/15 15:47,Street/Sidewalk,11206,BROOKLYN,BROOKLYN,40.70078054,-73.9320861
12/31/15 14:15,12/31/15 17:52,Store/Commercial,10014,NEW YORK,MANHATTAN,40.74036616,-74.00523252
12/31/15 14:17,12/31/15 14:43,Street/Sidewalk,11201,BROOKLYN,BROOKLYN,40.69427602,-73.99242349
12/31/15 14:23,12/31/15 15:21,Street/Sidewalk,10027,NEW YORK,MANHATTAN,40.81200744,-73.95150551
12/31/15 14:25,12/31/15 15:01,Street/Sidewalk,10027,NEW YORK,MANHATTAN,40.81200744,-73.95150551
12/31/15 14:25,12/31/15 17:08,Residential Building/House,10040,NEW YORK,MANHATTAN,40.85681848,-73.93157612
12/31/15 14:29,12/31/15 19:32,Residential Building/House,10459,BRONX,BRONX,40.82176652,-73.895861
12/31/15 14:34,12/31/15 18:39,Residential Building/House,11213,BROOKLYN,BROOKLYN,40.6662355,-73.93322789
12/31/15 14:41,12/31/15 18:42,Residential Building/House,10454,BRONX,BRONX,40.81126215,-73.91562327
12/31/15 14:45,12/31/15 20:29,Residential Building/House,10306,STATEN ISLAND,STATEN ISLAND,40.55387382,-74.13367953
12/31/15 14:45,12/31/15 15:21,Street/Sidewalk,10036,NEW YORK,MANHATTAN,40.7594859,-73.99184936
12/31/15 14:49,12/31/15 16:56,Residential Building/House,11212,BROOKLYN,BROOKLYN,40.66181502,-73.92227858
12/31/15 14:51,12/31/15 15:40,Residential Building/House,10467,BRONX,BRONX,40.85793325,-73.86391267
12/31/15 14:51,12/31/15 16:45,Residential Building/House,11226,BROOKLYN,BROOKLYN,40.6465213,-73.96032118
12/31/15 14:52,12/31/15 17:41,Residential Building/House,10040,NEW YORK,MANHATTAN,40.85844745,-73.92927889
12/31/15 14:54,12/31/15 15:02,Park/Playground,10005,NEW YORK,MANHATTAN,40.70915516,-74.01054311
12/31/15 15:03,12/31/15 15:36,Residential Building/House,11365,FRESH MEADOWS,QUEENS,40.73491319,-73.81062326
12/31/15 15:04,12/31/15 20:49,Residential Building/House,10466,BRONX,BRONX,40.88702961,-73.8442475
12/31/15 15:08,12/31/15 17:49,Residential Building/House,10472,BRONX,BRONX,40.83445905,-73.872247
12/31/15 15:17,12/31/15 17:48,Residential Building/House,11203,BROOKLYN,BROOKLYN,40.65692075,-73.92594607
12/31/15 15:32,12/31/15 15:50,Residential Building/House,10002,NEW YORK,MANHATTAN,40.71716432,-73.9889073
12/31/15 15:43,12/31/15 21:52,Residential Building/House,10462,BRONX,BRONX,40.8558576,-73.86569907
12/31/15 15:44,12/31/15 15:51,Residential Building/House,10002,NEW YORK,MANHATTAN,40.71716432,-73.9889073
12/31/15 15:48,12/31/15 17:49,Street/Sidewalk,10472,BRONX,BRONX,40.83074231,-73.86704341
12/31/15 15:59,12/31/15 16:08,Residential Building/House,11223,BROOKLYN,BROOKLYN,40.60339194,-73.97954859
12/31/15 16:05,12/31/15 21:12,Residential Building/House,11421,WOODHAVEN,QUEENS,40.69199622,-73.86304334
12/31/15 16:13,12/31/15 19:32,Residential Building/House,10459,BRONX,BRONX,40.82176652,-73.895861
12/31/15 16:23,1/1/16 2:20,Residential Building/House,10468,BRONX,BRONX,40.86077363,-73.90793967
12/31/15 16:23,12/31/15 23:17,Residential Building/House,10039,NEW YORK,MANHATTAN,40.82986567,-73.93677836
12/31/15 16:26,12/31/15 23:54,Residential Building/House,11223,BROOKLYN,BROOKLYN,40.59553591,-73.9773329
12/31/15 16:26,12/31/15 17:48,Street/Sidewalk,10032,NEW YORK,MANHATTAN,40.83801955,-73.94070257
12/31/15 16:29,12/31/15 22:42,Residential Building/House,11420,SOUTH OZONE PARK,QUEENS,40.67042029,-73.81123175
12/31/15 16:34,12/31/15 23:24,Residential Building/House,11369,EAST ELMHURST,QUEENS,40.76378575,-73.87544738
12/31/15 16:41,12/31/15 19:13,Street/Sidewalk,10001,NEW YORK,MANHATTAN,40.74985425,-73.98793822
12/31/15 16:46,12/31/15 19:13,Street/Sidewalk,10001,NEW YORK,MANHATTAN,40.74985425,-73.98793822
12/31/15 16:49,1/1/16 2:20,Residential Building/House,10467,BRONX,BRONX,40.873454,-73.87818165
12/31/15 16:55,1/1/16 2:20,Residential Building/House,10458,BRONX,BRONX,40.87343021,-73.8844082
12/31/15 16:55,12/31/15 20:04,Store/Commercial,11225,BROOKLYN,BROOKLYN,40.66819672,-73.95276719
12/31/15 17:15,12/31/15 17:40,Residential Building/House,11208,BROOKLYN,BROOKLYN,40.66712295,-73.87756359
12/31/15 17:15,12/31/15 22:40,Residential Building/House,11205,BROOKLYN,BROOKLYN,40.69113738,-73.95955541
12/31/15 17:17,1/1/16 0:19,Residential Building/House,10460,BRONX,BRONX,40.84453717,-73.8794743
12/31/15 17:18,12/31/15 18:46,Residential Building/House,10453,BRONX,BRONX,40.84811513,-73.91520062
12/31/15 17:24,12/31/15 19:37,Residential Building/House,10035,NEW YORK,MANHATTAN,40.80760279,-73.94108006
12/31/15 17:24,12/31/15 20:25,Residential Building/House,10034,NEW YORK,MANHATTAN,40.86614786,-73.91907148
12/31/15 17:25,12/31/15 20:25,Residential Building/House,10034,NEW YORK,MANHATTAN,40.86614786,-73.91907148
12/31/15 17:27,1/1/16 1:10,Residential Building/House,10456,BRONX,BRONX,40.83471948,-73.91323012
12/31/15 17:28,12/31/15 23:21,Residential Building/House,10456,BRONX,BRONX,40.83471948,-73.91323012
12/31/15 17:32,1/1/16 1:10,Residential Building/House,10456,BRONX,BRONX,40.83484296,-73.91317937
12/31/15 17:33,1/1/16 1:10,Residential Building/House,10456,BRONX,BRONX,40.83484296,-73.91317937
12/31/15 17:42,12/31/15 18:17,Residential Building/House,10011,NEW YORK,MANHATTAN,40.73916956,-74.00116918
12/31/15 17:44,12/31/15 20:55,Residential Building/House,10466,BRONX,BRONX,40.89948323,-73.8449671
12/31/15 17:49,12/31/15 17:56,Residential Building/House,11226,BROOKLYN,BROOKLYN,40.64484179,-73.95377828
12/31/15 17:50,12/31/15 22:42,Residential Building/House,11420,SOUTH OZONE PARK,QUEENS,40.67042029,-73.81123175
12/31/15 17:50,12/31/15 23:18,Residential Building/House,10455,BRONX,BRONX,40.81204858,-73.91025045
12/31/15 17:56,12/31/15 22:14,Residential Building/House,10034,NEW YORK,MANHATTAN,40.86440268,-73.92376635
12/31/15 17:56,12/31/15 19:14,Residential Building/House,10458,BRONX,BRONX,40.85816685,-73.89583654
12/31/15 17:57,12/31/15 18:34,Street/Sidewalk,10032,NEW YORK,MANHATTAN,40.83856918,-73.94204647
12/31/15 17:57,12/31/15 19:58,Residential Building/House,11101,LONG ISLAND CITY,QUEENS,40.75775252,-73.94587075
12/31/15 18:09,12/31/15 23:24,Residential Building/House,11370,EAST ELMHURST,QUEENS,40.76306995,-73.88388137
12/31/15 18:12,12/31/15 19:02,Residential Building/House,11212,BROOKLYN,BROOKLYN,40.66249333,-73.9270068
12/31/15 18:14,12/31/15 19:16,Residential Building/House,10014,NEW YORK,MANHATTAN,40.73139915,-74.00218654
12/31/15 18:14,12/31/15 21:11,Residential Building/House,10310,STATEN ISLAND,STATEN ISLAND,40.64083889,-74.10879669
12/31/15 18:15,12/31/15 20:02,Street/Sidewalk,10032,NEW YORK,MANHATTAN,40.83865434,-73.9422018
12/31/15 18:19,12/31/15 20:37,Residential Building/House,10460,BRONX,BRONX,40.8356341,-73.88562668
12/31/15 18:30,12/31/15 20:00,Residential Building/House,11101,LONG ISLAND CITY,QUEENS,40.75775252,-73.94587075
12/31/15 18:36,12/31/15 21:11,Store/Commercial,11237,BROOKLYN,BROOKLYN,40.70031783,-73.92098586
12/31/15 18:38,12/31/15 20:04,Street/Sidewalk,11225,BROOKLYN,BROOKLYN,40.66314536,-73.9504567
12/31/15 18:41,12/31/15 21:02,Residential Building/House,11365,FRESH MEADOWS,QUEENS,40.73410221,-73.80492444
12/31/15 18:42,12/31/15 19:21,Residential Building/House,11226,BROOKLYN,BROOKLYN,40.65161718,-73.96514369
12/31/15 18:48,1/1/16 2:21,Store/Commercial,10467,BRONX,BRONX,40.87277286,-73.87774899
12/31/15 18:52,12/31/15 22:25,Residential Building/House,10457,BRONX,BRONX,40.85123191,-73.885242
12/31/15 18:54,12/31/15 18:58,Residential Building/House,11228,BROOKLYN,BROOKLYN,40.6083504,-74.0103291
12/31/15 18:55,12/31/15 19:23,Store/Commercial,11208,BROOKLYN,BROOKLYN,40.68662207,-73.86783918
12/31/15 18:55,12/31/15 20:00,Residential Building/House,11101,LONG ISLAND CITY,QUEENS,40.75775252,-73.94587075
12/31/15 18:57,12/31/15 21:03,Residential Building/House,10303,STATEN ISLAND,STATEN ISLAND,40.63837144,-74.16610759
12/31/15 19:05,12/31/15 21:36,Residential Building/House,10030,NEW YORK,MANHATTAN,40.8219682,-73.9457318
12/31/15 19:07,12/31/15 20:26,Residential Building/House,11249,BROOKLYN,BROOKLYN,40.70542068,-73.96665564
12/31/15 19:08,12/31/15 23:18,Residential Building/House,10025,NEW YORK,MANHATTAN,40.7921561,-73.97181268
12/31/15 19:10,12/31/15 19:16,Residential Building/House,11228,BROOKLYN,BROOKLYN,40.6083504,-74.0103291
12/31/15 19:15,12/31/15 23:01,Residential Building/House,10456,BRONX,BRONX,40.83103171,-73.90424441
12/31/15 19:16,12/31/15 20:36,Club/Bar/Restaurant,11216,BROOKLYN,BROOKLYN,40.67852184,-73.95102934
12/31/15 19:20,12/31/15 23:25,Residential Building/House,10452,BRONX,BRONX,40.84220908,-73.91228429
12/31/15 19:20,12/31/15 23:21,Residential Building/House,10456,BRONX,BRONX,40.83498836,-73.91309606
12/31/15 19:22,1/1/16 1:10,Residential Building/House,10456,BRONX,BRONX,40.83498836,-73.91309606
12/31/15 19:23,12/31/15 20:55,Club/Bar/Restaurant,10470,BRONX,BRONX,40.90262566,-73.85104794
12/31/15 19:23,1/1/16 1:10,Residential Building/House,10456,BRONX,BRONX,40.83498836,-73.91309606
12/31/15 19:24,12/31/15 20:08,Store/Commercial,11207,BROOKLYN,BROOKLYN,40.67962087,-73.88651437
12/31/15 19:24,12/31/15 23:22,Residential Building/House,10456,BRONX,BRONX,40.83498836,-73.91309606
12/31/15 19:25,12/31/15 20:08,Residential Building/House,11238,BROOKLYN,BROOKLYN,40.68304372,-73.97082762
12/31/15 19:25,12/31/15 20:46,Street/Sidewalk,10022,NEW YORK,MANHATTAN,40.76126333,-73.9688874
12/31/15 19:26,12/31/15 23:34,Residential Building/House,11206,BROOKLYN,BROOKLYN,40.70851459,-73.94634356
12/31/15 19:27,12/31/15 21:06,Residential Building/House,11237,BROOKLYN,BROOKLYN,40.70343569,-73.92479077
12/31/15 19:28,1/1/16 3:01,Store/Commercial,10467,BRONX,BRONX,40.87277286,-73.87774899
12/31/15 19:29,12/31/15 22:26,Residential Building/House,10459,BRONX,BRONX,40.82604532,-73.8987088
12/31/15 19:39,12/31/15 20:58,Store/Commercial,11208,BROOKLYN,BROOKLYN,40.68662207,-73.86783918
12/31/15 19:44,12/31/15 20:40,Residential Building/House,10458,BRONX,BRONX,40.85816685,-73.89583654
12/31/15 19:45,1/1/16 1:11,Residential Building/House,10452,BRONX,BRONX,40.8315271,-73.92886303
12/31/15 19:45,12/31/15 20:25,Residential Building/House,10033,NEW YORK,MANHATTAN,40.84452935,-73.93442959
12/31/15 19:46,12/31/15 23:22,Residential Building/House,11427,QUEENS VILLAGE,QUEENS,40.72317627,-73.75643623
12/31/15 19:48,12/31/15 22:14,Street/Sidewalk,10034,NEW YORK,MANHATTAN,40.86581794,-73.92644377
12/31/15 19:49,12/31/15 20:53,Residential Building/House,11101,LONG ISLAND CITY,QUEENS,40.75775252,-73.94587075
12/31/15 19:51,1/1/16 7:38,Residential Building/House,10306,STATEN ISLAND,STATEN ISLAND,40.58784182,-74.10035743
12/31/15 19:52,12/31/15 23:06,Residential Building/House,11104,SUNNYSIDE,QUEENS,40.74016181,-73.92671602
12/31/15 19:52,12/31/15 21:17,Street/Sidewalk,10027,NEW YORK,MANHATTAN,40.81210275,-73.94975698
12/31/15 19:52,12/31/15 21:42,Residential Building/House,10459,BRONX,BRONX,40.83057952,-73.88965723
12/31/15 19:55,12/31/15 22:19,Residential Building/House,10032,NEW YORK,MANHATTAN,40.84056451,-73.93668868
12/31/15 19:57,12/31/15 22:54,Street/Sidewalk,10027,NEW YORK,MANHATTAN,40.8130014,-73.94615095
12/31/15 19:59,12/31/15 20:07,Residential Building/House,11101,LONG ISLAND CITY,QUEENS,40.75775252,-73.94587075
12/31/15 20:02,12/31/15 22:34,Residential Building/House,10002,NEW YORK,MANHATTAN,40.72131647,-73.98334008
12/31/15 20:02,1/1/16 1:11,Residential Building/House,10456,BRONX,BRONX,40.83492955,-73.91521019
12/31/15 20:08,12/31/15 22:42,Residential Building/House,11420,SOUTH OZONE PARK,QUEENS,40.67042029,-73.81123175
12/31/15 20:09,12/31/15 21:45,Residential Building/House,11355,FLUSHING,QUEENS,40.75581407,-73.82420046
12/31/15 20:11,12/31/15 22:15,Residential Building/House,10034,NEW YORK,MANHATTAN,40.87129848,-73.91741643
12/31/15 20:12,12/31/15 20:29,Residential Building/House,10306,STATEN ISLAND,STATEN ISLAND,40.55387382,-74.13367953
12/31/15 20:14,12/31/15 21:58,Residential Building/House,11233,BROOKLYN,BROOKLYN,40.67752056,-73.91081365
12/31/15 20:14,12/31/15 22:33,Residential Building/House,11421,WOODHAVEN,QUEENS,40.69528981,-73.85618479
12/31/15 20:15,12/31/15 23:21,Residential Building/House,10456,BRONX,BRONX,40.833844,-73.90976211
12/31/15 20:16,12/31/15 20:28,Residential Building/House,11101,LONG ISLAND CITY,QUEENS,40.75775252,-73.94587075
12/31/15 20:20,1/1/16 0:32,Residential Building/House,11691,FAR ROCKAWAY,QUEENS,40.59599554,-73.74218707
12/31/15 20:23,12/31/15 21:27,Residential Building/House,11215,BROOKLYN,BROOKLYN,40.66831596,-73.97376111
12/31/15 20:24,1/1/16 1:40,Residential Building/House,10456,BRONX,BRONX,40.83085683,-73.90519141
12/31/15 20:25,12/31/15 21:14,Street/Sidewalk,11211,BROOKLYN,BROOKLYN,40.71198903,-73.9586013
12/31/15 20:25,1/1/16 15:46,Residential Building/House,10035,NEW YORK,MANHATTAN,40.79916755,-73.93001006
12/31/15 20:26,12/31/15 20:36,Residential Building/House,11412,SAINT ALBANS,QUEENS,40.70484893,-73.76952347
12/31/15 20:29,12/31/15 21:43,Residential Building/House,11228,BROOKLYN,BROOKLYN,40.62189481,-74.01923952
12/31/15 20:32,12/31/15 21:44,Residential Building/House,10025,NEW YORK,MANHATTAN,40.79420434,-73.97473356
12/31/15 20:32,12/31/15 21:25,Residential Building/House,11228,BROOKLYN,BROOKLYN,40.6083504,-74.0103291
12/31/15 20:33,12/31/15 20:55,Residential Building/House,10466,BRONX,BRONX,40.89948323,-73.8449671
12/31/15 20:34,12/31/15 21:25,Residential Building/House,11228,BROOKLYN,BROOKLYN,40.6083504,-74.0103291
12/31/15 20:34,12/31/15 21:08,Residential Building/House,10026,NEW YORK,MANHATTAN,40.8021282,-73.95590849
12/31/15 20:37,12/31/15 23:09,Residential Building/House,11377,WOODSIDE,QUEENS,40.73507059,-73.91897088
12/31/15 20:41,12/31/15 20:56,Residential Building/House,10011,NEW YORK,MANHATTAN,40.73915309,-74.00112587
12/31/15 20:42,12/31/15 22:24,Residential Building/House,10458,BRONX,BRONX,40.87343021,-73.8844082
12/31/15 20:45,12/31/15 21:24,Residential Building/House,11207,BROOKLYN,BROOKLYN,40.69232557,-73.90697865
12/31/15 20:45,12/31/15 22:34,Residential Building/House,10002,NEW YORK,MANHATTAN,40.71872855,-73.9862267
12/31/15 20:45,1/1/16 7:39,Residential Building/House,10304,STATEN ISLAND,STATEN ISLAND,40.59298942,-74.09586432
12/31/15 20:49,12/31/15 22:14,Residential Building/House,10032,NEW YORK,MANHATTAN,40.83941156,-73.94156146
12/31/15 20:49,12/31/15 22:15,Residential Building/House,10040,NEW YORK,MANHATTAN,40.85844745,-73.92927889
12/31/15 20:50,12/31/15 22:17,Residential Building/House,10040,NEW YORK,MANHATTAN,40.85405749,-73.93186814
12/31/15 20:56,12/31/15 22:20,Residential Building/House,10453,BRONX,BRONX,40.85438127,-73.90800274
12/31/15 20:57,12/31/15 22:17,Residential Building/House,10033,NEW YORK,MANHATTAN,40.85082304,-73.92989787
12/31/15 20:59,1/1/16 7:42,Residential Building/House,10460,BRONX,BRONX,40.8413145,-73.87149656
12/31/15 21:00,1/1/16 0:20,Residential Building/House,11101,LONG ISLAND CITY,QUEENS,40.7559039,-73.9429594
12/31/15 21:03,1/1/16 3:00,Residential Building/House,10458,BRONX,BRONX,40.86440035,-73.89314779
12/31/15 21:04,12/31/15 21:29,Residential Building/House,11212,BROOKLYN,BROOKLYN,40.66667426,-73.92374362
12/31/15 21:07,12/31/15 21:44,Residential Building/House,11207,BROOKLYN,BROOKLYN,40.6821633,-73.89305401
12/31/15 21:08,12/31/15 23:22,Residential Building/House,11427,QUEENS VILLAGE,QUEENS,40.72373134,-73.75934565
12/31/15 21:10,12/31/15 21:29,Residential Building/House,11212,BROOKLYN,BROOKLYN,40.66667426,-73.92374362
12/31/15 21:10,12/31/15 21:29,Residential Building/House,11212,BROOKLYN,BROOKLYN,40.66667426,-73.92374362
12/31/15 21:15,1/1/16 3:58,Residential Building/House,11207,BROOKLYN,BROOKLYN,40.67922459,-73.88826723
12/31/15 21:16,12/31/15 21:34,Residential Building/House,11101,LONG ISLAND CITY,QUEENS,40.75775252,-73.94587075
12/31/15 21:19,12/31/15 23:18,Residential Building/House,10025,NEW YORK,MANHATTAN,40.79005561,-73.96883422
12/31/15 21:21,12/31/15 21:29,Residential Building/House,11212,BROOKLYN,BROOKLYN,40.66667426,-73.92374362
12/31/15 21:21,12/31/15 23:08,Residential Building/House,10011,NEW YORK,MANHATTAN,40.73915309,-74.00112587
12/31/15 21:22,12/31/15 21:29,Residential Building/House,11212,BROOKLYN,BROOKLYN,40.66667426,-73.92374362
12/31/15 21:23,12/31/15 23:48,Residential Building/House,11211,BROOKLYN,BROOKLYN,40.71120963,-73.95892282
12/31/15 21:23,12/31/15 21:28,Residential Building/House,11212,BROOKLYN,BROOKLYN,40.66667426,-73.92374362
12/31/15 21:28,12/31/15 23:24,Residential Building/House,10452,BRONX,BRONX,40.83102506,-73.92925022
12/31/15 21:28,12/31/15 23:21,Residential Building/House,10302,STATEN ISLAND,STATEN ISLAND,40.63288211,-74.13203277
12/31/15 21:30,12/31/15 22:03,Residential Building/House,11228,BROOKLYN,BROOKLYN,40.6083504,-74.0103291
12/31/15 21:32,12/31/15 22:24,Residential Building/House,10457,BRONX,BRONX,40.85123191,-73.885242
12/31/15 21:32,12/31/15 23:15,Residential Building/House,10029,NEW YORK,MANHATTAN,40.79097908,-73.9432941
12/31/15 21:33,1/1/16 1:22,Residential Building/House,11236,BROOKLYN,BROOKLYN,40.65030286,-73.89408891
12/31/15 21:33,12/31/15 22:41,Residential Building/House,11225,BROOKLYN,BROOKLYN,40.66452736,-73.96118998
12/31/15 21:34,1/1/16 0:32,Residential Building/House,11691,FAR ROCKAWAY,QUEENS,40.60214948,-73.75605307
12/31/15 21:35,12/31/15 22:39,Residential Building/House,11201,BROOKLYN,BROOKLYN,40.69759726,-73.9935519
12/31/15 21:35,1/1/16 8:45,Residential Building/House,11207,BROOKLYN,BROOKLYN,40.6555166,-73.88415147
12/31/15 21:36,1/1/16 4:12,Residential Building/House,10452,BRONX,BRONX,40.83757377,-73.92054819
12/31/15 21:38,12/31/15 22:57,Residential Building/House,10032,NEW YORK,MANHATTAN,40.83889386,-73.93829849
12/31/15 21:38,12/31/15 22:41,Store/Commercial,11414,HOWARD BEACH,QUEENS,40.64941051,-73.83547218
12/31/15 21:39,1/1/16 15:46,Residential Building/House,10026,NEW YORK,MANHATTAN,40.80103592,-73.94951611
12/31/15 21:40,12/31/15 22:15,Residential Building/House,11215,BROOKLYN,BROOKLYN,40.67419594,-73.97685193
12/31/15 21:40,12/31/15 22:33,Residential Building/House,11421,WOODHAVEN,QUEENS,40.68612726,-73.86251814
12/31/15 21:43,12/31/15 22:24,Residential Building/House,11207,BROOKLYN,BROOKLYN,40.68243414,-73.90788662
12/31/15 21:44,12/31/15 23:53,Club/Bar/Restaurant,11223,BROOKLYN,BROOKLYN,40.60634631,-73.96181083
12/31/15 21:44,1/1/16 0:14,Residential Building/House,11103,ASTORIA,QUEENS,40.76708186,-73.91792833
12/31/15 21:44,12/31/15 23:08,Residential Building/House,10011,NEW YORK,MANHATTAN,40.73915309,-74.00112587
12/31/15 21:44,12/31/15 23:24,House of Worship,11369,EAST ELMHURST,QUEENS,40.75873427,-73.86009782
12/31/15 21:45,1/1/16 0:20,Residential Building/House,11101,LONG ISLAND CITY,QUEENS,40.75775252,-73.94587075
12/31/15 21:49,12/31/15 23:25,Residential Building/House,11372,JACKSON HEIGHTS,QUEENS,40.75364365,-73.8857855
12/31/15 21:51,12/31/15 22:50,Residential Building/House,10457,BRONX,BRONX,40.84750182,-73.90316889
12/31/15 21:52,1/1/16 2:42,Residential Building/House,11435,JAMAICA,QUEENS,40.71050417,-73.81580016
12/31/15 21:53,1/1/16 1:17,Residential Building/House,10459,BRONX,BRONX,40.82942148,-73.88989402
12/31/15 21:54,12/31/15 23:05,Residential Building/House,10473,BRONX,BRONX,40.81971444,-73.87992391
12/31/15 21:57,1/1/16 3:00,Residential Building/House,10458,BRONX,BRONX,40.86388663,-73.88974296
12/31/15 21:58,12/31/15 22:51,Residential Building/House,11216,BROOKLYN,BROOKLYN,40.69046225,-73.94632924
12/31/15 21:58,1/1/16 5:14,Residential Building/House,11385,RIDGEWOOD,QUEENS,40.71137248,-73.90154868
12/31/15 21:59,12/31/15 22:57,Residential Building/House,10032,NEW YORK,MANHATTAN,40.83567294,-73.94093233
12/31/15 22:01,1/1/16 3:01,Residential Building/House,10467,BRONX,BRONX,40.87922802,-73.87235264
12/31/15 22:01,12/31/15 22:35,Residential Building/House,10304,STATEN ISLAND,STATEN ISLAND,40.61604593,-74.08134208
12/31/15 22:04,1/1/16 2:42,Residential Building/House,11367,FLUSHING,QUEENS,40.73790809,-73.81421604
12/31/15 22:09,12/31/15 23:18,Residential Building/House,11206,BROOKLYN,BROOKLYN,40.70116923,-73.94004889
12/31/15 22:09,12/31/15 23:22,Residential Building/House,10456,BRONX,BRONX,40.83492955,-73.91521019
12/31/15 22:10,12/31/15 22:17,Residential Building/House,10034,NEW YORK,MANHATTAN,40.86821952,-73.91824099
12/31/15 22:10,12/31/15 22:25,Club/Bar/Restaurant,10017,NEW YORK,MANHATTAN,40.75246678,-73.97026304
12/31/15 22:12,1/1/16 0:19,Residential Building/House,11366,FRESH MEADOWS,QUEENS,40.72583573,-73.81029548
12/31/15 22:12,1/1/16 1:13,Residential Building/House,10025,NEW YORK,MANHATTAN,40.79478336,-73.97419882
12/31/15 22:12,12/31/15 22:18,Residential Building/House,10040,NEW YORK,MANHATTAN,40.85744645,-73.93534591
12/31/15 22:13,12/31/15 22:24,Club/Bar/Restaurant,10017,NEW YORK,MANHATTAN,40.75246678,-73.97026304
12/31/15 22:14,12/31/15 22:24,Club/Bar/Restaurant,10017,NEW YORK,MANHATTAN,40.75246678,-73.97026304
12/31/15 22:15,12/31/15 22:57,Residential Building/House,11228,BROOKLYN,BROOKLYN,40.6083504,-74.0103291
12/31/15 22:17,12/31/15 23:15,Residential Building/House,11414,HOWARD BEACH,QUEENS,40.66147516,-73.85699298
12/31/15 22:18,12/31/15 23:02,Residential Building/House,10456,BRONX,BRONX,40.83103171,-73.90424441
12/31/15 22:18,12/31/15 22:24,Club/Bar/Restaurant,10017,NEW YORK,MANHATTAN,40.75246678,-73.97026304
12/31/15 22:19,1/1/16 5:02,Residential Building/House,10460,BRONX,BRONX,40.83668369,-73.86624371
12/31/15 22:20,1/1/16 1:23,Store/Commercial,11105,ASTORIA,QUEENS,40.77152699,-73.90883204
12/31/15 22:20,12/31/15 23:15,Residential Building/House,11210,BROOKLYN,BROOKLYN,40.61390612,-73.94929385
12/31/15 22:21,12/31/15 22:25,Club/Bar/Restaurant,10017,NEW YORK,MANHATTAN,40.75246678,-73.97026304
12/31/15 22:21,1/1/16 1:07,Residential Building/House,11226,BROOKLYN,BROOKLYN,40.65391056,-73.95380443
12/31/15 22:22,12/31/15 23:06,Residential Building/House,11104,SUNNYSIDE,QUEENS,40.74070533,-73.92680203
12/31/15 22:22,12/31/15 22:34,Residential Building/House,10002,NEW YORK,MANHATTAN,40.71872855,-73.9862267
12/31/15 22:23,1/1/16 3:06,Residential Building/House,10304,STATEN ISLAND,STATEN ISLAND,40.62222627,-74.08265723
12/31/15 22:24,12/31/15 22:31,Club/Bar/Restaurant,10017,NEW YORK,MANHATTAN,40.75246678,-73.97026304
12/31/15 22:26,1/1/16 0:49,Store/Commercial,10003,NEW YORK,MANHATTAN,40.72873339,-73.98801059
12/31/15 22:27,12/31/15 23:18,Residential Building/House,11217,BROOKLYN,BROOKLYN,40.68094544,-73.97737959
12/31/15 22:28,12/31/15 22:56,Residential Building/House,10027,NEW YORK,MANHATTAN,40.80924716,-73.95373274
12/31/15 22:30,12/31/15 23:27,Residential Building/House,11694,ROCKAWAY PARK,QUEENS,40.57771454,-73.84000462
12/31/15 22:30,1/1/16 7:39,Club/Bar/Restaurant,10308,STATEN ISLAND,STATEN ISLAND,40.54154749,-74.1466613
12/31/15 22:32,12/31/15 23:34,Residential Building/House,11206,BROOKLYN,BROOKLYN,40.70850913,-73.94640849
12/31/15 22:37,12/31/15 23:06,Residential Building/House,11233,BROOKLYN,BROOKLYN,40.67619832,-73.92326766
12/31/15 22:37,12/31/15 22:51,Residential Building/House,10002,NEW YORK,MANHATTAN,40.71805098,-73.98996413
12/31/15 22:37,1/1/16 8:14,Residential Building/House,10040,NEW YORK,MANHATTAN,40.85744645,-73.93534591
12/31/15 22:37,12/31/15 22:49,Club/Bar/Restaurant,11205,BROOKLYN,BROOKLYN,40.69471209,-73.95490489
12/31/15 22:38,12/31/15 23:17,Club/Bar/Restaurant,10017,NEW YORK,MANHATTAN,40.75246678,-73.97026304
12/31/15 22:39,1/1/16 8:14,Residential Building/House,10033,NEW YORK,MANHATTAN,40.85227176,-73.92909749
12/31/15 22:39,12/31/15 22:50,Residential Building/House,11236,BROOKLYN,BROOKLYN,40.64561452,-73.90990136
12/31/15 22:40,12/31/15 23:18,Residential Building/House,11694,ROCKAWAY PARK,QUEENS,40.57625167,-73.84407947
12/31/15 22:41,12/31/15 23:17,Residential Building/House,11225,BROOKLYN,BROOKLYN,40.66111726,-73.95811024
12/31/15 22:41,12/31/15 23:17,Club/Bar/Restaurant,10017,NEW YORK,MANHATTAN,40.75246678,-73.97026304
12/31/15 22:42,1/1/16 0:54,Residential Building/House,10040,NEW YORK,MANHATTAN,40.86146109,-73.92921784
12/31/15 22:42,12/31/15 23:23,Residential Building/House,10454,BRONX,BRONX,40.81108117,-73.91969837
12/31/15 22:43,12/31/15 23:05,Store/Commercial,11216,BROOKLYN,BROOKLYN,40.68186975,-73.94937197
12/31/15 22:43,1/1/16 1:53,Residential Building/House,10033,NEW YORK,MANHATTAN,40.84441389,-73.9341008
12/31/15 22:44,12/31/15 23:05,Street/Sidewalk,11216,BROOKLYN,BROOKLYN,40.68186975,-73.94937197
12/31/15 22:44,12/31/15 23:19,Residential Building/House,11363,LITTLE NECK,QUEENS,40.77404785,-73.73898847
12/31/15 22:44,12/31/15 23:03,Residential Building/House,10002,NEW YORK,MANHATTAN,40.71047784,-73.98657107
12/31/15 22:45,12/31/15 23:06,Store/Commercial,11216,BROOKLYN,BROOKLYN,40.68186975,-73.94937197
12/31/15 22:45,12/31/15 22:52,Club/Bar/Restaurant,11205,BROOKLYN,BROOKLYN,40.69471209,-73.95490489
12/31/15 22:45,12/31/15 23:08,Store/Commercial,11216,BROOKLYN,BROOKLYN,40.68186975,-73.94937197
12/31/15 22:46,12/31/15 23:08,Street/Sidewalk,11216,BROOKLYN,BROOKLYN,40.68186975,-73.94937197
12/31/15 22:47,12/31/15 23:08,Store/Commercial,11216,BROOKLYN,BROOKLYN,40.68186975,-73.94937197
12/31/15 22:47,12/31/15 23:08,Store/Commercial,11216,BROOKLYN,BROOKLYN,40.68186975,-73.94937197
12/31/15 22:48,1/1/16 0:01,Store/Commercial,11105,ASTORIA,QUEENS,40.77152699,-73.90883204
12/31/15 22:48,1/1/16 1:07,Residential Building/House,11208,BROOKLYN,BROOKLYN,40.68183731,-73.88516936
12/31/15 22:48,12/31/15 23:08,Store/Commercial,11216,BROOKLYN,BROOKLYN,40.68186975,-73.94937197
12/31/15 22:48,1/1/16 3:02,Residential Building/House,10458,BRONX,BRONX,40.87093806,-73.88444146
12/31/15 22:49,1/1/16 0:32,Residential Building/House,11692,ARVERNE,QUEENS,40.58965471,-73.78617013
12/31/15 22:53,12/31/15 23:03,Residential Building/House,11221,BROOKLYN,BROOKLYN,40.69528435,-73.925752
12/31/15 22:53,1/1/16 3:02,Residential Building/House,10458,BRONX,BRONX,40.86934647,-73.88205429
12/31/15 22:56,1/1/16 0:47,Club/Bar/Restaurant,11375,FOREST HILLS,QUEENS,40.71021523,-73.84925599
12/31/15 22:56,12/31/15 23:08,Residential Building/House,10012,NEW YORK,MANHATTAN,40.72766081,-73.99931088
12/31/15 22:57,12/31/15 23:08,Store/Commercial,11216,BROOKLYN,BROOKLYN,40.68186975,-73.94937197
12/31/15 22:57,1/1/16 7:43,Residential Building/House,10467,BRONX,BRONX,40.86782234,-73.86385989
12/31/15 22:59,1/1/16 4:29,Residential Building/House,10473,BRONX,BRONX,40.81824703,-73.8612625
12/31/15 22:59,12/31/15 23:29,Residential Building/House,11201,BROOKLYN,BROOKLYN,40.6959878,-73.98335001
12/31/15 23:00,1/1/16 8:26,Residential Building/House,11416,OZONE PARK,QUEENS,40.68667348,-73.84320469
12/31/15 23:00,1/1/16 6:03,Residential Building/House,11416,OZONE PARK,QUEENS,40.68966427,-73.83850278
12/31/15 23:03,1/1/16 4:12,Residential Building/House,10451,BRONX,BRONX,40.82599007,-73.92311299
12/31/15 23:03,12/31/15 23:17,Club/Bar/Restaurant,10017,NEW YORK,MANHATTAN,40.75246678,-73.97026304
12/31/15 23:03,1/1/16 2:06,Residential Building/House,11694,ROCKAWAY PARK,QUEENS,40.57625167,-73.84407947
12/31/15 23:05,1/1/16 2:55,Residential Building/House,10458,BRONX,BRONX,40.87343021,-73.8844082
12/31/15 23:05,12/31/15 23:25,Residential Building/House,11373,ELMHURST,QUEENS,40.74681012,-73.88951808
12/31/15 23:06,12/31/15 23:16,Club/Bar/Restaurant,10017,NEW YORK,MANHATTAN,40.75246678,-73.97026304
12/31/15 23:06,12/31/15 23:47,Residential Building/House,10027,NEW YORK,MANHATTAN,40.80835297,-73.94281692
12/31/15 23:06,1/1/16 3:16,Residential Building/House,11419,SOUTH RICHMOND HILL,QUEENS,40.68365876,-73.83277725
12/31/15 23:07,12/31/15 23:36,Club/Bar/Restaurant,10002,NEW YORK,MANHATTAN,40.71522127,-73.99171409
12/31/15 23:08,1/1/16 1:34,Residential Building/House,11209,BROOKLYN,BROOKLYN,40.62367608,-74.03200308
12/31/15 23:08,12/31/15 23:16,Club/Bar/Restaurant,10017,NEW YORK,MANHATTAN,40.75246678,-73.97026304
12/31/15 23:08,12/31/15 23:32,Residential Building/House,11233,BROOKLYN,BROOKLYN,40.67565151,-73.91100361
12/31/15 23:09,12/31/15 23:14,Store/Commercial,11216,BROOKLYN,BROOKLYN,40.68186975,-73.94937197
12/31/15 23:11,1/1/16 0:05,Residential Building/House,10002,NEW YORK,MANHATTAN,40.71761473,-73.992107
12/31/15 23:11,12/31/15 23:16,Club/Bar/Restaurant,10017,NEW YORK,MANHATTAN,40.75246678,-73.97026304
12/31/15 23:11,12/31/15 23:41,Street/Sidewalk,11211,BROOKLYN,BROOKLYN,40.71400735,-73.9417147
12/31/15 23:12,1/1/16 4:00,Residential Building/House,11208,BROOKLYN,BROOKLYN,40.67028011,-73.86585285
12/31/15 23:13,1/1/16 15:54,Residential Building/House,11230,BROOKLYN,BROOKLYN,40.61193436,-73.96077755
12/31/15 23:13,1/1/16 0:13,Residential Building/House,11366,FRESH MEADOWS,QUEENS,40.72583573,-73.81029548
12/31/15 23:15,1/1/16 2:45,Residential Building/House,10463,NEW YORK,MANHATTAN,40.8751454,-73.91215405
12/31/15 23:18,1/1/16 9:05,Residential Building/House,10472,BRONX,BRONX,40.8257046,-73.88106212
12/31/15 23:18,1/1/16 1:30,Residential Building/House,10002,NEW YORK,MANHATTAN,40.71047784,-73.98657107
12/31/15 23:18,1/1/16 3:11,Residential Building/House,10306,STATEN ISLAND,STATEN ISLAND,40.56140499,-74.11386065
12/31/15 23:19,1/1/16 0:13,Residential Building/House,11229,BROOKLYN,BROOKLYN,40.59877218,-73.95130029
12/31/15 23:21,1/1/16 1:55,Club/Bar/Restaurant,11201,BROOKLYN,BROOKLYN,40.69159906,-73.98437882
12/31/15 23:22,1/1/16 0:44,Residential Building/House,10456,BRONX,BRONX,40.82997291,-73.90175984
12/31/15 23:22,1/1/16 1:22,Store/Commercial,11216,BROOKLYN,BROOKLYN,40.68186975,-73.94937197
12/31/15 23:23,1/1/16 7:39,Residential Building/House,10308,STATEN ISLAND,STATEN ISLAND,40.56045137,-74.15475719
12/31/15 23:23,1/1/16 0:25,Residential Building/House,10027,NEW YORK,MANHATTAN,40.81267619,-73.94336954
12/31/15 23:24,1/1/16 1:30,Residential Building/House,10471,BRONX,BRONX,40.89639579,-73.89680027
12/31/15 23:24,1/1/16 0:16,Residential Building/House,11361,BAYSIDE,QUEENS,40.76746793,-73.78514075
12/31/15 23:25,1/1/16 1:55,Club/Bar/Restaurant,11201,BROOKLYN,BROOKLYN,40.69159906,-73.98437882
12/31/15 23:25,1/1/16 0:54,Residential Building/House,10034,NEW YORK,MANHATTAN,40.86791155,-73.92551226
12/31/15 23:26,1/1/16 1:43,Residential Building/House,11222,BROOKLYN,BROOKLYN,40.72137405,-73.94689961
12/31/15 23:26,12/31/15 23:53,House of Worship,10031,NEW YORK,MANHATTAN,40.82610171,-73.94566339
12/31/15 23:28,1/1/16 1:13,Residential Building/House,10007,NEW YORK,MANHATTAN,40.7147244,-74.00921291
12/31/15 23:29,1/1/16 0:55,Residential Building/House,10034,NEW YORK,MANHATTAN,40.86638305,-73.93038402